{
  "properties": {
    "connectionReferences": {
      "shared_commondataserviceforapps_1": {
        "runtimeSource": "embedded",
        "connection": {
          "connectionReferenceLogicalName": "ya_sharedcommondataserviceforapps_d622e"
        },
        "api": {
          "name": "shared_commondataserviceforapps"
        }
      },
      "shared_webcontents_1": {
        "runtimeSource": "invoker",
        "connection": {
          "connectionReferenceLogicalName": "ya_sharedwebcontents_a5fc6"
        },
        "api": {
          "name": "shared_webcontents"
        }
      }
    },
    "definition": {
      "$schema": "https://schema.management.azure.com/providers/Microsoft.Logic/schemas/2016-06-01/workflowdefinition.json#",
      "contentVersion": "1.0.0.0",
      "parameters": {
        "$connections": {
          "defaultValue": {},
          "type": "Object"
        },
        "$authentication": {
          "defaultValue": {},
          "type": "SecureObject"
        }
      },
      "triggers": {
        "manual": {
          "metadata": {
            "operationMetadataId": "67152921-b2a6-4ee4-b5c3-d6550ff04063"
          },
          "type": "Request",
          "kind": "Button",
          "inputs": {
            "schema": {
              "type": "object",
              "properties": {},
              "required": []
            }
          }
        }
      },
      "actions": {
        "定数": {
          "actions": {
            "LogicalName": {
              "runAfter": {
                "SchemaName": [
                  "Succeeded"
                ]
              },
              "metadata": {
                "operationMetadataId": "fc79fe3e-5d1e-46de-a0f5-b54bd2a4d74c"
              },
              "type": "Compose",
              "inputs": "@toLower(outputs('SchemaName'))",
              "description": "toLower(outputs('SchemaName'))"
            },
            "EntitySetName": {
              "runAfter": {
                "LogicalName": [
                  "Succeeded"
                ]
              },
              "metadata": {
                "operationMetadataId": "814056c2-802e-468f-8bd3-a9d681b6aedf"
              },
              "type": "Compose",
              "inputs": "@{outputs('LogicalName')}s",
              "description": "@{outputs('LogicalName')}s"
            },
            "テーブル名_比較": {
              "runAfter": {
                "EntitySetName": [
                  "Succeeded"
                ]
              },
              "metadata": {
                "operationMetadataId": "405a74ff-1d3d-41dc-b64c-33f20574688d"
              },
              "type": "Compose",
              "inputs": {
                "SchemaName": "@{outputs('SchemaName')}",
                "LogicalName": "@{outputs('LogicalName')}",
                "EntitySetName": "@{outputs('EntitySetName')}"
              }
            },
            "Prefer_FormattedValue": {
              "runAfter": {
                "Prefer_Morerecords": [
                  "Succeeded"
                ]
              },
              "metadata": {
                "operationMetadataId": "6bccdb6b-a7dd-4c89-8b17-839466725be9"
              },
              "type": "Compose",
              "inputs": "odata.include-annotations=\"OData.Community.Display.V1.FormattedValue\""
            },
            "Prefer_Morerecords": {
              "runAfter": {
                "OrganizationURI": [
                  "Succeeded"
                ]
              },
              "metadata": {
                "operationMetadataId": "02585294-d49a-4a79-9d1f-767b271cc7a9"
              },
              "type": "Compose",
              "inputs": "odata.include-annotations=\"Microsoft.Dynamics.CRM.fetchxmlpagingcookie,Microsoft.Dynamics.CRM.morerecords\""
            },
            "OrganizationURI": {
              "runAfter": {},
              "metadata": {
                "operationMetadataId": "88a0c710-8cc2-4506-bd50-0c8aa52aea5e"
              },
              "type": "Compose",
              "inputs": "https://orgfa5b0cd9.crm7.dynamics.com"
            },
            "SchemaName": {
              "runAfter": {
                "Prefer_FormattedValue": [
                  "Succeeded"
                ]
              },
              "metadata": {
                "operationMetadataId": "f7dd1ba3-5481-42dc-a201-08399b7407a8"
              },
              "type": "Compose",
              "inputs": "ya_Member"
            }
          },
          "runAfter": {},
          "metadata": {
            "operationMetadataId": "5506a25a-fa10-4085-a148-dd9acb55645c"
          },
          "type": "Scope"
        },
        "条件": {
          "actions": {},
          "runAfter": {
            "定数": [
              "Succeeded"
            ]
          },
          "else": {
            "actions": {
              "FetchXMLなし": {
                "actions": {
                  "FetchXMLなし_行を一覧にする": {
                    "runAfter": {},
                    "metadata": {
                      "operationMetadataId": "4e0c678d-5132-4346-9736-891946bf4d75"
                    },
                    "type": "OpenApiConnection",
                    "inputs": {
                      "host": {
                        "connectionName": "shared_commondataserviceforapps_1",
                        "operationId": "ListRecords",
                        "apiId": "/providers/Microsoft.PowerApps/apis/shared_commondataserviceforapps"
                      },
                      "parameters": {
                        "entityName": "@outputs('EntitySetName')",
                        "$filter": "createdon ne null"
                      },
                      "authentication": {
                        "type": "Raw",
                        "value": "@json(decodeBase64(triggerOutputs().headers['X-MS-APIM-Tokens']))['$ConnectionKey']"
                      }
                    },
                    "description": "@outputs('EntitySetName') OData フィルター クエリを使用するようにアクション '行を一覧にする' を更新すると、フローのパフォーマンスを向上させることができます。詳細情報: <https://aka.ms/listrowsfilters>"
                  }
                },
                "runAfter": {},
                "metadata": {
                  "operationMetadataId": "0c5fdde7-2999-44f2-a73c-b5bdcc2def37"
                },
                "type": "Scope"
              },
              "ページングCookie_（別フロー）": {
                "actions": {},
                "runAfter": {
                  "ページング": [
                    "Succeeded"
                  ]
                },
                "metadata": {
                  "operationMetadataId": "41b18638-5687-482a-a84c-2da255f342b7"
                },
                "type": "Scope",
                "description": "https://learn.microsoft.com/ja-jp/power-apps/developer/data-platform/fetchxml/page-results?tabs=webapi"
              },
              "行数の制限": {
                "actions": {
                  "行数の制限_FetchXML": {
                    "runAfter": {},
                    "metadata": {
                      "operationMetadataId": "1b727749-79b9-446a-a47e-a9bbfa54251c"
                    },
                    "type": "Compose",
                    "inputs": "<fetch mapping=\"logical\"\n   top=\"100\">\n   <entity name=\"@{outputs('LogicalName')}\">\n      <all-attributes/>\n   </entity>\n</fetch>",
                    "description": "outputs('LogicalName') topの値は 5,000 を超えることはできません。 top を page、count、または returntotalrecordcount 属性と一緒に使用しないでください。"
                  },
                  "行数の制限_行を一覧にする": {
                    "runAfter": {
                      "行数の制限_FetchXML": [
                        "Succeeded"
                      ]
                    },
                    "metadata": {
                      "operationMetadataId": "56e5d2da-389f-418a-a260-04eda7701d0c"
                    },
                    "type": "OpenApiConnection",
                    "inputs": {
                      "host": {
                        "connectionName": "shared_commondataserviceforapps_1",
                        "operationId": "ListRecords",
                        "apiId": "/providers/Microsoft.PowerApps/apis/shared_commondataserviceforapps"
                      },
                      "parameters": {
                        "entityName": "@outputs('EntitySetName')",
                        "fetchXml": "@outputs('行数の制限_FetchXML')"
                      },
                      "authentication": {
                        "type": "Raw",
                        "value": "@json(decodeBase64(triggerOutputs().headers['X-MS-APIM-Tokens']))['$ConnectionKey']"
                      }
                    },
                    "description": "outputs('EntitySetName') outputs('行数の制限_FetchXML')"
                  }
                },
                "runAfter": {
                  "ページングCookie_（別フロー）": [
                    "Succeeded"
                  ]
                },
                "metadata": {
                  "operationMetadataId": "0837ca2e-0953-4c92-a261-0a5f8d970793"
                },
                "type": "Scope"
              },
              "ページング": {
                "actions": {
                  "ページング_FetchXML": {
                    "runAfter": {},
                    "metadata": {
                      "operationMetadataId": "1b727749-79b9-446a-a47e-a9bbfa54251c"
                    },
                    "type": "Compose",
                    "inputs": "<fetch mapping=\"logical\"\n   page=\"1\"\n   count=\"2\">\n   <entity name=\"@{outputs('LogicalName')}\">\n      <attribute name=\"@{outputs('LogicalName')}id\" />\n      <attribute name=\"ya_column01\" />\n      <attribute name=\"ya_column02\" />\n      <attribute name=\"ya_column03\" />\n      <order attribute=\"ya_column01\" />\n   </entity>\n</fetch>",
                    "description": "<entity name=\"@{outputs('LogicalName')}\"> <attribute name=\"@{outputs('LogicalName')}id\" />"
                  },
                  "ページング_行を一覧にする": {
                    "runAfter": {
                      "ページング_FetchXML": [
                        "Succeeded"
                      ]
                    },
                    "metadata": {
                      "operationMetadataId": "afa016f1-151f-4d91-ac06-732aa0aa7343"
                    },
                    "type": "OpenApiConnection",
                    "inputs": {
                      "host": {
                        "connectionName": "shared_commondataserviceforapps_1",
                        "operationId": "ListRecords",
                        "apiId": "/providers/Microsoft.PowerApps/apis/shared_commondataserviceforapps"
                      },
                      "parameters": {
                        "entityName": "@outputs('EntitySetName')",
                        "fetchXml": "@outputs('ページング_FetchXML')"
                      },
                      "authentication": {
                        "type": "Raw",
                        "value": "@json(decodeBase64(triggerOutputs().headers['X-MS-APIM-Tokens']))['$ConnectionKey']"
                      }
                    },
                    "description": "outputs('EntitySetName') outputs('ページング_FetchXML')"
                  }
                },
                "runAfter": {
                  "FetchXMLなし": [
                    "Succeeded"
                  ]
                },
                "metadata": {
                  "operationMetadataId": "9f39d5c6-6b29-4de2-b875-0069424ffcd2"
                },
                "type": "Scope"
              },
              "列の制限": {
                "actions": {
                  "列の制限_FetchXML": {
                    "runAfter": {},
                    "metadata": {
                      "operationMetadataId": "1b727749-79b9-446a-a47e-a9bbfa54251c"
                    },
                    "type": "Compose",
                    "inputs": "<fetch mapping=\"logical\"\n   top=\"100\">\n   <entity name=\"@{outputs('LogicalName')}\">\n        <attribute name=\"ya_column01\" />\n        <attribute name=\"ya_column02\" />\n        <attribute name=\"ya_column03\" />\n        <attribute name=\"ya_column06\" />\n        <attribute name=\"ya_column07\" />\n   </entity>\n</fetch>",
                    "description": "outputs('LogicalName')"
                  },
                  "列の制限_行を一覧にする": {
                    "runAfter": {
                      "列の制限_FetchXML": [
                        "Succeeded"
                      ]
                    },
                    "metadata": {
                      "operationMetadataId": "56e5d2da-389f-418a-a260-04eda7701d0c"
                    },
                    "type": "OpenApiConnection",
                    "inputs": {
                      "host": {
                        "connectionName": "shared_commondataserviceforapps_1",
                        "operationId": "ListRecords",
                        "apiId": "/providers/Microsoft.PowerApps/apis/shared_commondataserviceforapps"
                      },
                      "parameters": {
                        "entityName": "@outputs('EntitySetName')",
                        "fetchXml": "@outputs('列の制限_FetchXML')"
                      },
                      "authentication": {
                        "type": "Raw",
                        "value": "@json(decodeBase64(triggerOutputs().headers['X-MS-APIM-Tokens']))['$ConnectionKey']"
                      }
                    },
                    "description": "outputs('EntitySetName') outputs('列の制限_FetchXML')"
                  },
                  "重複値を除外_行を一覧にする_書式設定された値": {
                    "runAfter": {
                      "列の制限_行を一覧にする": [
                        "Succeeded"
                      ]
                    },
                    "metadata": {
                      "operationMetadataId": "bf994ed1-6fcb-453e-b3a6-76c563f3679d"
                    },
                    "type": "OpenApiConnection",
                    "inputs": {
                      "host": {
                        "connectionName": "shared_webcontents_1",
                        "operationId": "InvokeHttp",
                        "apiId": "/providers/Microsoft.PowerApps/apis/shared_webcontents"
                      },
                      "parameters": {
                        "request/method": "GET",
                        "request/url": "@{outputs('OrganizationURI')}/api/data/v9.2/@{outputs('EntitySetName')}?fetchXml=@{encodeUriComponent(outputs('列の制限_FetchXML'))}",
                        "request/headers": {
                          "Content-Type": "application/json; charset=utf-8",
                          "OData-MaxVersion": "4.0",
                          "OData-Version": "4.0",
                          "Accept": "application/json",
                          "Prefer": "@{outputs('Prefer_FormattedValue')}"
                        }
                      },
                      "authentication": {
                        "type": "Raw",
                        "value": "@json(decodeBase64(triggerOutputs().headers['X-MS-APIM-Tokens']))['$ConnectionKey']"
                      }
                    },
                    "description": "@{outputs('OrganizationURI')}/api/data/v9.2/@{outputs('EntitySetName')}?fetchXml=@{encodeUriComponent(outputs('列の制限_FetchXML'))}"
                  },
                  "重複値を除外_行を一覧にする_書式設定されていない値": {
                    "runAfter": {
                      "列の制限_行を一覧にする": [
                        "Succeeded"
                      ]
                    },
                    "metadata": {
                      "operationMetadataId": "bf994ed1-6fcb-453e-b3a6-76c563f3679d"
                    },
                    "type": "OpenApiConnection",
                    "inputs": {
                      "host": {
                        "connectionName": "shared_webcontents_1",
                        "operationId": "InvokeHttp",
                        "apiId": "/providers/Microsoft.PowerApps/apis/shared_webcontents"
                      },
                      "parameters": {
                        "request/method": "GET",
                        "request/url": "@{outputs('OrganizationURI')}/api/data/v9.2/@{outputs('EntitySetName')}?fetchXml=@{encodeUriComponent(outputs('列の制限_FetchXML'))}",
                        "request/headers": {
                          "Content-Type": "application/json; charset=utf-8",
                          "OData-MaxVersion": "4.0",
                          "OData-Version": "4.0",
                          "Accept": "application/json"
                        }
                      },
                      "authentication": {
                        "type": "Raw",
                        "value": "@json(decodeBase64(triggerOutputs().headers['X-MS-APIM-Tokens']))['$ConnectionKey']"
                      }
                    },
                    "description": "@{outputs('OrganizationURI')}/api/data/v9.2/@{outputs('EntitySetName')}?fetchXml=@{encodeUriComponent(outputs('列の制限_FetchXML'))}"
                  }
                },
                "runAfter": {
                  "重複値を除外": [
                    "Succeeded"
                  ]
                },
                "metadata": {
                  "operationMetadataId": "0837ca2e-0953-4c92-a261-0a5f8d970793"
                },
                "type": "Scope"
              },
              "重複値を除外": {
                "actions": {
                  "重複値を除外_FetchXML": {
                    "runAfter": {},
                    "metadata": {
                      "operationMetadataId": "1b727749-79b9-446a-a47e-a9bbfa54251c"
                    },
                    "type": "Compose",
                    "inputs": "<fetch distinct=\"true\">\n   <entity name=\"@{outputs('LogicalName')}\">\n        <attribute name=\"ya_column02\" />\n        <order attribute=\"ya_column02\" />\n   </entity>\n</fetch>",
                    "description": "outputs('LogicalName') topの値は 5,000 を超えることはできません。 top を page、count、または returntotalrecordcount 属性と一緒に使用しないでください。"
                  },
                  "重複値を除外_行を一覧にする": {
                    "runAfter": {
                      "重複値を除外_FetchXML": [
                        "Succeeded"
                      ]
                    },
                    "metadata": {
                      "operationMetadataId": "bf994ed1-6fcb-453e-b3a6-76c563f3679d"
                    },
                    "type": "OpenApiConnection",
                    "inputs": {
                      "host": {
                        "connectionName": "shared_webcontents_1",
                        "operationId": "InvokeHttp",
                        "apiId": "/providers/Microsoft.PowerApps/apis/shared_webcontents"
                      },
                      "parameters": {
                        "request/method": "GET",
                        "request/url": "@{outputs('OrganizationURI')}/api/data/v9.2/@{outputs('EntitySetName')}?fetchXml=@{encodeUriComponent(outputs('重複値を除外_FetchXML'))}",
                        "request/headers": {
                          "Content-Type": "application/json; charset=utf-8",
                          "OData-MaxVersion": "4.0",
                          "OData-Version": "4.0",
                          "Accept": "application/json",
                          "If-None-Match": "null"
                        }
                      },
                      "authentication": {
                        "type": "Raw",
                        "value": "@json(decodeBase64(triggerOutputs().headers['X-MS-APIM-Tokens']))['$ConnectionKey']"
                      }
                    },
                    "description": "@{outputs('OrganizationURI')}/api/data/v9.2/@{outputs('EntitySetName')}?fetchXml=@{encodeUriComponent(outputs('重複値を除外_FetchXML'))}"
                  },
                  "重複値を除外_行を一覧にする_bak": {
                    "runAfter": {
                      "重複値を除外_FetchXML": [
                        "Failed"
                      ]
                    },
                    "metadata": {
                      "operationMetadataId": "d114ab27-966f-4085-b179-276780bb6199"
                    },
                    "type": "OpenApiConnection",
                    "inputs": {
                      "host": {
                        "connectionName": "shared_commondataserviceforapps_1",
                        "operationId": "ListRecords",
                        "apiId": "/providers/Microsoft.PowerApps/apis/shared_commondataserviceforapps"
                      },
                      "parameters": {
                        "entityName": "@outputs('EntitySetName')",
                        "fetchXml": "@outputs('重複値を除外_FetchXML')"
                      },
                      "authentication": {
                        "type": "Raw",
                        "value": "@json(decodeBase64(triggerOutputs().headers['X-MS-APIM-Tokens']))['$ConnectionKey']"
                      }
                    },
                    "description": "outputs('EntitySetName') outputs('重複値を除外_FetchXML') \"Key property 'ya_memberid' of type 'Microsoft.Dynamics.CRM.ya_member' is null. Key properties cannot have null values.\""
                  }
                },
                "runAfter": {
                  "行数の制限": [
                    "Succeeded"
                  ]
                },
                "metadata": {
                  "operationMetadataId": "5674ef26-acea-42e1-9b09-2bdd21b3ed95"
                },
                "type": "Scope"
              },
              "列の別名": {
                "actions": {
                  "列の別名_FetchXML": {
                    "runAfter": {},
                    "metadata": {
                      "operationMetadataId": "1b727749-79b9-446a-a47e-a9bbfa54251c"
                    },
                    "type": "Compose",
                    "inputs": "<fetch>\n   <entity name=\"@{outputs('LogicalName')}\">\n        <attribute name=\"createdby\" alias=\"whocreated\" />\n        <attribute name=\"createdon\" alias=\"whencreated\" />\n        <attribute name=\"ya_column01\" />\n        <attribute name=\"ya_column11\" />\n        <attribute name=\"ya_e\" />\n   </entity>\n</fetch>",
                    "description": "outputs('LogicalName')"
                  },
                  "列の別名_行を一覧にする": {
                    "runAfter": {
                      "列の別名_FetchXML": [
                        "Succeeded"
                      ]
                    },
                    "metadata": {
                      "operationMetadataId": "56e5d2da-389f-418a-a260-04eda7701d0c"
                    },
                    "type": "OpenApiConnection",
                    "inputs": {
                      "host": {
                        "connectionName": "shared_commondataserviceforapps_1",
                        "operationId": "ListRecords",
                        "apiId": "/providers/Microsoft.PowerApps/apis/shared_commondataserviceforapps"
                      },
                      "parameters": {
                        "entityName": "@outputs('EntitySetName')",
                        "fetchXml": "@outputs('列の別名_FetchXML')"
                      },
                      "authentication": {
                        "type": "Raw",
                        "value": "@json(decodeBase64(triggerOutputs().headers['X-MS-APIM-Tokens']))['$ConnectionKey']"
                      }
                    },
                    "description": "outputs('EntitySetName') outputs('列の別名_FetchXML')"
                  },
                  "列の別名_JSONの解析": {
                    "runAfter": {
                      "列の別名_行を一覧にする": [
                        "Succeeded"
                      ]
                    },
                    "metadata": {
                      "operationMetadataId": "10af9877-6e2e-4c0b-858f-eb31851c9d4d"
                    },
                    "type": "ParseJson",
                    "inputs": {
                      "content": "@outputs('列の別名_行を一覧にする')?['body/value']",
                      "schema": {
                        "type": "array",
                        "items": {
                          "type": "object",
                          "properties": {
                            "@@odata.type": {
                              "type": "string"
                            },
                            "@@odata.id": {
                              "type": "string"
                            },
                            "@@odata.etag": {
                              "type": "string"
                            },
                            "@@odata.editLink": {
                              "type": "string"
                            },
                            "ya_memberid@odata.type": {
                              "type": "string"
                            },
                            "ya_memberid": {
                              "type": "string"
                            },
                            "ya_column11@OData.Community.Display.V1.FormattedValue": {
                              "type": "string"
                            },
                            "ya_column11@odata.type": {
                              "type": "string"
                            },
                            "ya_column11": {
                              "type": "string"
                            },
                            "ya_e": {
                              "type": "string"
                            },
                            "ya_column01": {
                              "type": "string"
                            },
                            "whencreated@OData.Community.Display.V1.AttributeName": {
                              "type": "string"
                            },
                            "whencreated@OData.Community.Display.V1.FormattedValue": {
                              "type": "string"
                            },
                            "whencreated@odata.type": {
                              "type": "string"
                            },
                            "whencreated": {
                              "type": "string"
                            },
                            "whocreated@OData.Community.Display.V1.AttributeName": {
                              "type": "string"
                            },
                            "whocreated@OData.Community.Display.V1.FormattedValue": {
                              "type": "string"
                            },
                            "whocreated@Microsoft.Dynamics.CRM.lookuplogicalname": {
                              "type": "string"
                            },
                            "whocreated@odata.type": {
                              "type": "string"
                            },
                            "whocreated": {
                              "type": "string"
                            },
                            "createdby@odata.associationLink": {
                              "type": "string"
                            },
                            "createdby@odata.navigationLink": {
                              "type": "string"
                            }
                          },
                          "required": [
                            "@@odata.type",
                            "@@odata.id",
                            "@@odata.etag",
                            "@@odata.editLink",
                            "ya_memberid@odata.type",
                            "ya_memberid",
                            "ya_column11@OData.Community.Display.V1.FormattedValue",
                            "ya_column11@odata.type",
                            "ya_column11",
                            "ya_e",
                            "ya_column01",
                            "whencreated@OData.Community.Display.V1.AttributeName",
                            "whencreated@OData.Community.Display.V1.FormattedValue",
                            "whencreated@odata.type",
                            "whencreated",
                            "whocreated@OData.Community.Display.V1.AttributeName",
                            "whocreated@OData.Community.Display.V1.FormattedValue",
                            "whocreated@Microsoft.Dynamics.CRM.lookuplogicalname",
                            "whocreated@odata.type",
                            "whocreated",
                            "createdby@odata.associationLink",
                            "createdby@odata.navigationLink"
                          ]
                        }
                      }
                    }
                  }
                },
                "runAfter": {
                  "列の制限": [
                    "Succeeded"
                  ]
                },
                "metadata": {
                  "operationMetadataId": "0837ca2e-0953-4c92-a261-0a5f8d970793"
                },
                "type": "Scope"
              },
              "テーブルの結合（多対多）_（省略）": {
                "actions": {},
                "runAfter": {
                  "列の別名": [
                    "Succeeded"
                  ]
                },
                "metadata": {
                  "operationMetadataId": "61a7da62-45d0-4437-a054-5c570208ec85"
                },
                "type": "Scope",
                "description": "https://learn.microsoft.com/ja-jp/power-apps/developer/data-platform/fetchxml/join-tables?tabs=fetchxml#many-to-many-relationships"
              },
              "テーブルの結合（多対一）": {
                "actions": {
                  "テーブルの結合（多対一）_FetchXML": {
                    "runAfter": {},
                    "metadata": {
                      "operationMetadataId": "1b727749-79b9-446a-a47e-a9bbfa54251c"
                    },
                    "type": "Compose",
                    "inputs": "<fetch>\n   <entity name=\"@{outputs('LogicalName')}\">\n        <attribute name=\"ya_column01\" />\n        <link-entity name=\"systemuser\" from=\"systemuserid\" to=\"createdby\" link-type=\"inner\" alias=\"Creator\">\n             <attribute name='fullname' />\n        </link-entity>\n   </entity>\n</fetch>",
                    "description": "outputs('LogicalName')"
                  },
                  "テーブルの結合（多対一）_行を一覧にする": {
                    "runAfter": {
                      "テーブルの結合（多対一）_FetchXML": [
                        "Succeeded"
                      ]
                    },
                    "metadata": {
                      "operationMetadataId": "bf994ed1-6fcb-453e-b3a6-76c563f3679d"
                    },
                    "type": "OpenApiConnection",
                    "inputs": {
                      "host": {
                        "connectionName": "shared_webcontents_1",
                        "operationId": "InvokeHttp",
                        "apiId": "/providers/Microsoft.PowerApps/apis/shared_webcontents"
                      },
                      "parameters": {
                        "request/method": "GET",
                        "request/url": "@{outputs('OrganizationURI')}/api/data/v9.2/@{outputs('EntitySetName')}?fetchXml=@{encodeUriComponent(outputs('テーブルの結合（多対一）_FetchXML'))}",
                        "request/headers": {
                          "Content-Type": "application/json; charset=utf-8",
                          "OData-MaxVersion": "4.0",
                          "OData-Version": "4.0",
                          "Accept": "application/json"
                        }
                      },
                      "authentication": {
                        "type": "Raw",
                        "value": "@json(decodeBase64(triggerOutputs().headers['X-MS-APIM-Tokens']))['$ConnectionKey']"
                      }
                    },
                    "description": "@{outputs('OrganizationURI')}/api/data/v9.2/@{outputs('EntitySetName')}?fetchXml=@{encodeUriComponent(outputs('テーブルの結合（多対一）_FetchXML'))}"
                  },
                  "テーブルの結合（多対一）_行を一覧にする_bak": {
                    "runAfter": {
                      "テーブルの結合（多対一）_FetchXML": [
                        "Succeeded"
                      ]
                    },
                    "metadata": {
                      "operationMetadataId": "d114ab27-966f-4085-b179-276780bb6199"
                    },
                    "type": "OpenApiConnection",
                    "inputs": {
                      "host": {
                        "connectionName": "shared_commondataserviceforapps_1",
                        "operationId": "ListRecords",
                        "apiId": "/providers/Microsoft.PowerApps/apis/shared_commondataserviceforapps"
                      },
                      "parameters": {
                        "entityName": "@outputs('EntitySetName')",
                        "fetchXml": "@outputs('テーブルの結合（多対一）_FetchXML')"
                      },
                      "authentication": {
                        "type": "Raw",
                        "value": "@json(decodeBase64(triggerOutputs().headers['X-MS-APIM-Tokens']))['$ConnectionKey']"
                      }
                    },
                    "description": "outputs('EntitySetName') outputs('テーブルの結合（多対一）_FetchXML')"
                  }
                },
                "runAfter": {
                  "テーブルの結合（多対多）_（省略）": [
                    "Succeeded"
                  ]
                },
                "metadata": {
                  "operationMetadataId": "5674ef26-acea-42e1-9b09-2bdd21b3ed95"
                },
                "type": "Scope"
              },
              "テーブルの結合（一対多）": {
                "actions": {
                  "テーブルの結合（一対多）_FetchXML": {
                    "runAfter": {},
                    "metadata": {
                      "operationMetadataId": "1b727749-79b9-446a-a47e-a9bbfa54251c"
                    },
                    "type": "Compose",
                    "inputs": "<fetch>\n  <entity name=\"@{outputs('LogicalName')}\">\n    <attribute name=\"ya_column01\" />\n    <attribute name=\"ya_e\" />\n    <link-entity name=\"ya_member\" from=\"ya_parent\" to=\"ya_memberid\" link-type=\"inner\" alias=\"UserName\">\n      <attribute name=\"ya_column01\" />\n    </link-entity>\n  </entity>\n</fetch>",
                    "description": "outputs('LogicalName')"
                  },
                  "テーブルの結合（一対多）_行を一覧にする": {
                    "runAfter": {
                      "テーブルの結合（一対多）_FetchXML": [
                        "Succeeded"
                      ]
                    },
                    "metadata": {
                      "operationMetadataId": "bf994ed1-6fcb-453e-b3a6-76c563f3679d"
                    },
                    "type": "OpenApiConnection",
                    "inputs": {
                      "host": {
                        "connectionName": "shared_webcontents_1",
                        "operationId": "InvokeHttp",
                        "apiId": "/providers/Microsoft.PowerApps/apis/shared_webcontents"
                      },
                      "parameters": {
                        "request/method": "GET",
                        "request/url": "@{outputs('OrganizationURI')}/api/data/v9.2/@{outputs('EntitySetName')}?fetchXml=@{encodeUriComponent(outputs('テーブルの結合（一対多）_FetchXML'))}",
                        "request/headers": {
                          "Content-Type": "application/json; charset=utf-8",
                          "OData-MaxVersion": "4.0",
                          "OData-Version": "4.0",
                          "Accept": "application/json"
                        }
                      },
                      "authentication": {
                        "type": "Raw",
                        "value": "@json(decodeBase64(triggerOutputs().headers['X-MS-APIM-Tokens']))['$ConnectionKey']"
                      }
                    },
                    "description": "@{outputs('OrganizationURI')}/api/data/v9.2/@{outputs('EntitySetName')}?fetchXml=@{encodeUriComponent(outputs('テーブルの結合（一対多）_FetchXML'))}"
                  },
                  "テーブルの結合（一対多）_行を一覧にする_bak": {
                    "runAfter": {
                      "テーブルの結合（一対多）_FetchXML": [
                        "Succeeded"
                      ]
                    },
                    "metadata": {
                      "operationMetadataId": "d114ab27-966f-4085-b179-276780bb6199"
                    },
                    "type": "OpenApiConnection",
                    "inputs": {
                      "host": {
                        "connectionName": "shared_commondataserviceforapps_1",
                        "operationId": "ListRecords",
                        "apiId": "/providers/Microsoft.PowerApps/apis/shared_commondataserviceforapps"
                      },
                      "parameters": {
                        "entityName": "@outputs('EntitySetName')",
                        "fetchXml": "@outputs('テーブルの結合（一対多）_FetchXML')"
                      },
                      "authentication": {
                        "type": "Raw",
                        "value": "@json(decodeBase64(triggerOutputs().headers['X-MS-APIM-Tokens']))['$ConnectionKey']"
                      }
                    },
                    "description": "outputs('EntitySetName') outputs('テーブルの結合（一対多）_FetchXML')"
                  }
                },
                "runAfter": {
                  "テーブルの結合（多対一）": [
                    "Succeeded"
                  ]
                },
                "metadata": {
                  "operationMetadataId": "5674ef26-acea-42e1-9b09-2bdd21b3ed95"
                },
                "type": "Scope"
              },
              "行の並べ替え": {
                "actions": {
                  "行の並べ替え_FetchXML": {
                    "runAfter": {},
                    "metadata": {
                      "operationMetadataId": "1b727749-79b9-446a-a47e-a9bbfa54251c"
                    },
                    "type": "Compose",
                    "inputs": "<fetch>\n  <entity name=\"@{outputs('LogicalName')}\">\n    <attribute name=\"ya_column01\" alias=\"FullName\" />\n    <attribute name=\"ya_column02\" alias=\"Surname\" />\n    <attribute name=\"ya_column03\" alias=\"GivenName\" />\n    <attribute name=\"ya_column11\" alias=\"BirthDate\" />\n    <attribute name=\"ya_e\" alias=\"Email\" />\n    <attribute name=\"createdon\" />\n    <order attribute=\"ya_column11\" descending=\"true\" />\n    <order attribute=\"ya_e\" />\n  </entity>\n</fetch>",
                    "description": "outputs('LogicalName')"
                  },
                  "行の並べ替え_行を一覧にする": {
                    "runAfter": {
                      "行の並べ替え_FetchXML": [
                        "Succeeded"
                      ]
                    },
                    "metadata": {
                      "operationMetadataId": "bf994ed1-6fcb-453e-b3a6-76c563f3679d"
                    },
                    "type": "OpenApiConnection",
                    "inputs": {
                      "host": {
                        "connectionName": "shared_webcontents_1",
                        "operationId": "InvokeHttp",
                        "apiId": "/providers/Microsoft.PowerApps/apis/shared_webcontents"
                      },
                      "parameters": {
                        "request/method": "GET",
                        "request/url": "@{outputs('OrganizationURI')}/api/data/v9.2/@{outputs('EntitySetName')}?fetchXml=@{encodeUriComponent(outputs('行の並べ替え_FetchXML'))}",
                        "request/headers": {
                          "Content-Type": "application/json; charset=utf-8",
                          "OData-MaxVersion": "4.0",
                          "OData-Version": "4.0",
                          "Accept": "application/json"
                        }
                      },
                      "authentication": {
                        "type": "Raw",
                        "value": "@json(decodeBase64(triggerOutputs().headers['X-MS-APIM-Tokens']))['$ConnectionKey']"
                      }
                    },
                    "description": "@{outputs('OrganizationURI')}/api/data/v9.2/@{outputs('EntitySetName')}?fetchXml=@{encodeUriComponent(outputs('行の並べ替え_FetchXML'))}"
                  },
                  "行の並べ替え_行を一覧にする_bak": {
                    "runAfter": {
                      "行の並べ替え_FetchXML": [
                        "Succeeded"
                      ]
                    },
                    "metadata": {
                      "operationMetadataId": "d114ab27-966f-4085-b179-276780bb6199"
                    },
                    "type": "OpenApiConnection",
                    "inputs": {
                      "host": {
                        "connectionName": "shared_commondataserviceforapps_1",
                        "operationId": "ListRecords",
                        "apiId": "/providers/Microsoft.PowerApps/apis/shared_commondataserviceforapps"
                      },
                      "parameters": {
                        "entityName": "@outputs('EntitySetName')",
                        "fetchXml": "@outputs('行の並べ替え_FetchXML')"
                      },
                      "authentication": {
                        "type": "Raw",
                        "value": "@json(decodeBase64(triggerOutputs().headers['X-MS-APIM-Tokens']))['$ConnectionKey']"
                      }
                    },
                    "description": "outputs('EntitySetName') outputs('行の並べ替え_FetchXML')"
                  }
                },
                "runAfter": {
                  "テーブルの結合（一対多）": [
                    "Succeeded"
                  ]
                },
                "metadata": {
                  "operationMetadataId": "5674ef26-acea-42e1-9b09-2bdd21b3ed95"
                },
                "type": "Scope"
              },
              "行のフィルター": {
                "actions": {
                  "行のフィルター_FetchXML": {
                    "runAfter": {},
                    "metadata": {
                      "operationMetadataId": "1b727749-79b9-446a-a47e-a9bbfa54251c"
                    },
                    "type": "Compose",
                    "inputs": "<fetch>\n  <entity name=\"@{outputs('LogicalName')}\">\n    <attribute name=\"ya_column01\" alias=\"FullName\" />\n    <attribute name=\"ya_column02\" alias=\"Surname\" />\n    <attribute name=\"ya_column03\" alias=\"GivenName\" />\n    <attribute name=\"ya_column11\" alias=\"BirthDate\" />\n    <attribute name=\"ya_e\" alias=\"Email\" />\n    <attribute name=\"createdon\" />\n    <filter type=\"or\">\n      <condition attribute=\"ya_column02\" operator=\"eq\" value=\"阿久津\" />\n      <condition attribute=\"createdon\" operator=\"eq\" value=\"2024-11-13 17:44:55\" />\n      <condition attribute=\"ya_column03\" operator=\"in\">\n        <value>宏美</value>\n        <value>重治</value>\n        <value>寧音</value>\n      </condition>\n      <condition attribute=\"ya_column11\" operator=\"between\">\n        <value>2022/03/31 00:00:00</value>\n        <value>2022/04/01 00:00:00</value>\n      </condition>\n      <!-- condition attribute=\"ownerid\" operator=\"eq-userid\" / -->\n      <condition attribute=\"ya_column11\" operator=\"last-x-days\" value=\"960\" />\n    </filter>\n  </entity>\n</fetch>",
                    "description": "outputs('LogicalName')"
                  },
                  "行のフィルター_行を一覧にする": {
                    "runAfter": {
                      "行のフィルター_FetchXML": [
                        "Succeeded"
                      ]
                    },
                    "metadata": {
                      "operationMetadataId": "bf994ed1-6fcb-453e-b3a6-76c563f3679d"
                    },
                    "type": "OpenApiConnection",
                    "inputs": {
                      "host": {
                        "connectionName": "shared_webcontents_1",
                        "operationId": "InvokeHttp",
                        "apiId": "/providers/Microsoft.PowerApps/apis/shared_webcontents"
                      },
                      "parameters": {
                        "request/method": "GET",
                        "request/url": "@{outputs('OrganizationURI')}/api/data/v9.2/@{outputs('EntitySetName')}?fetchXml=@{encodeUriComponent(outputs('行のフィルター_FetchXML'))}",
                        "request/headers": {
                          "Content-Type": "application/json; charset=utf-8",
                          "OData-MaxVersion": "4.0",
                          "OData-Version": "4.0",
                          "Accept": "application/json"
                        }
                      },
                      "authentication": {
                        "type": "Raw",
                        "value": "@json(decodeBase64(triggerOutputs().headers['X-MS-APIM-Tokens']))['$ConnectionKey']"
                      }
                    },
                    "description": "@{outputs('OrganizationURI')}/api/data/v9.2/@{outputs('EntitySetName')}?fetchXml=@{encodeUriComponent(outputs('行のフィルター_FetchXML'))}"
                  },
                  "行のフィルター_行を一覧にする_bak": {
                    "runAfter": {
                      "行のフィルター_FetchXML": [
                        "Succeeded"
                      ]
                    },
                    "metadata": {
                      "operationMetadataId": "d114ab27-966f-4085-b179-276780bb6199"
                    },
                    "type": "OpenApiConnection",
                    "inputs": {
                      "host": {
                        "connectionName": "shared_commondataserviceforapps_1",
                        "operationId": "ListRecords",
                        "apiId": "/providers/Microsoft.PowerApps/apis/shared_commondataserviceforapps"
                      },
                      "parameters": {
                        "entityName": "@outputs('EntitySetName')",
                        "fetchXml": "@outputs('行のフィルター_FetchXML')"
                      },
                      "authentication": {
                        "type": "Raw",
                        "value": "@json(decodeBase64(triggerOutputs().headers['X-MS-APIM-Tokens']))['$ConnectionKey']"
                      }
                    },
                    "description": "outputs('EntitySetName') outputs('行のフィルター_FetchXML')"
                  }
                },
                "runAfter": {
                  "行の並べ替え": [
                    "Succeeded"
                  ]
                },
                "metadata": {
                  "operationMetadataId": "5674ef26-acea-42e1-9b09-2bdd21b3ed95"
                },
                "type": "Scope"
              },
              "データの集計": {
                "actions": {
                  "データの集計_FetchXML": {
                    "runAfter": {},
                    "metadata": {
                      "operationMetadataId": "1b727749-79b9-446a-a47e-a9bbfa54251c"
                    },
                    "type": "Compose",
                    "inputs": "<fetch aggregate=\"true\">\n  <entity name=\"@{outputs('LogicalName')}\">\n    <!--\n    <attribute name=\"ya_column01\" alias=\"FullName\" />\n    <attribute name=\"ya_column14\" alias=\"Rand\" />\n    -->\n    <attribute name=\"ya_column14\" alias=\"Average\" aggregate=\"avg\" />\n    <attribute name=\"ya_column14\" alias=\"Count\" aggregate=\"count\" />\n    <attribute name=\"ya_column14\" alias=\"ColumnCount\" aggregate=\"countcolumn\" />\n    <attribute name=\"ya_column14\" alias=\"Maximum\" aggregate=\"max\" />\n    <attribute name=\"ya_column14\" alias=\"Minimum\" aggregate=\"min\" />\n    <attribute name=\"ya_column14\" alias=\"Sum\" aggregate=\"sum\" />\n    <filter type=\"and\">\n      <condition attribute=\"ya_column14\" operator=\"not-null\" />\n      <condition attribute=\"ya_column14\" operator=\"lt\" value=\"10\" />\n    </filter>\n  </entity>\n</fetch>",
                    "description": "outputs('LogicalName')"
                  },
                  "データの集計_行を一覧にする": {
                    "runAfter": {
                      "データの集計_FetchXML": [
                        "Succeeded"
                      ]
                    },
                    "metadata": {
                      "operationMetadataId": "bf994ed1-6fcb-453e-b3a6-76c563f3679d"
                    },
                    "type": "OpenApiConnection",
                    "inputs": {
                      "host": {
                        "connectionName": "shared_webcontents_1",
                        "operationId": "InvokeHttp",
                        "apiId": "/providers/Microsoft.PowerApps/apis/shared_webcontents"
                      },
                      "parameters": {
                        "request/method": "GET",
                        "request/url": "@{outputs('OrganizationURI')}/api/data/v9.2/@{outputs('EntitySetName')}?fetchXml=@{encodeUriComponent(outputs('データの集計_FetchXML'))}",
                        "request/headers": {
                          "Content-Type": "application/json; charset=utf-8",
                          "OData-MaxVersion": "4.0",
                          "OData-Version": "4.0",
                          "Accept": "application/json"
                        }
                      },
                      "authentication": {
                        "type": "Raw",
                        "value": "@json(decodeBase64(triggerOutputs().headers['X-MS-APIM-Tokens']))['$ConnectionKey']"
                      }
                    },
                    "description": "@{outputs('OrganizationURI')}/api/data/v9.2/@{outputs('EntitySetName')}?fetchXml=@{encodeUriComponent(outputs('データの集計_FetchXML'))}"
                  },
                  "データの集計_行を一覧にする_bak": {
                    "runAfter": {
                      "データの集計_FetchXML": [
                        "Succeeded"
                      ]
                    },
                    "metadata": {
                      "operationMetadataId": "d114ab27-966f-4085-b179-276780bb6199"
                    },
                    "type": "OpenApiConnection",
                    "inputs": {
                      "host": {
                        "connectionName": "shared_commondataserviceforapps_1",
                        "operationId": "ListRecords",
                        "apiId": "/providers/Microsoft.PowerApps/apis/shared_commondataserviceforapps"
                      },
                      "parameters": {
                        "entityName": "@outputs('EntitySetName')",
                        "fetchXml": "@outputs('データの集計_FetchXML')"
                      },
                      "authentication": {
                        "type": "Raw",
                        "value": "@json(decodeBase64(triggerOutputs().headers['X-MS-APIM-Tokens']))['$ConnectionKey']"
                      }
                    },
                    "description": "outputs('EntitySetName') outputs('データの集計_FetchXML')"
                  }
                },
                "runAfter": {
                  "行のフィルター": [
                    "Succeeded"
                  ]
                },
                "metadata": {
                  "operationMetadataId": "5674ef26-acea-42e1-9b09-2bdd21b3ed95"
                },
                "type": "Scope"
              }
            }
          },
          "expression": {
            "equals": [
              1,
              0
            ]
          },
          "metadata": {
            "operationMetadataId": "f966a5ae-7e41-4a10-ab96-625e968fa561"
          },
          "type": "If"
        },
        "条件演算子": {
          "actions": {
            "条件演算子（選択肢）": {
              "runAfter": {},
              "metadata": {
                "operationMetadataId": "d114ab27-966f-4085-b179-276780bb6199"
              },
              "type": "OpenApiConnection",
              "inputs": {
                "host": {
                  "connectionName": "shared_commondataserviceforapps_1",
                  "operationId": "ListRecords",
                  "apiId": "/providers/Microsoft.PowerApps/apis/shared_commondataserviceforapps"
                },
                "parameters": {
                  "entityName": "ya_members",
                  "fetchXml": "<fetch top=\"10\">\n  <entity name=\"ya_member\">\n    <attribute name=\"ya_column01\" />\n    <attribute name=\"ya_column06\" />\n    <attribute name=\"ya_e\" />\n    <filter>\n      <!--\n      <condition attribute=\"ya_column06\" operator=\"contain-values\">\n        <value>1</value>\n        <value>2</value>\n      </condition>\n      \n      <condition attribute=\"ya_column06\" operator=\"eq\" value=\"0\" />\n      \n      <condition attribute=\"ya_column06\" operator=\"in\">\n        <value>1</value>\n        <value>2</value>\n      </condition>\n      \n      <condition attribute=\"ya_column06\" operator=\"ne\" value=\"0\" />\n      \n      <condition attribute=\"ya_column06\" operator=\"not-contain-values\">\n        <value>1</value>\n        <value>2</value>\n      </condition>\n      \n      <condition attribute=\"ya_column06\" operator=\"not-null\" />\n      -->\n      \n      <condition attribute=\"ya_column06\" operator=\"null\" />\n    </filter>\n  </entity>\n</fetch>"
                },
                "authentication": {
                  "type": "Raw",
                  "value": "@json(decodeBase64(triggerOutputs().headers['X-MS-APIM-Tokens']))['$ConnectionKey']"
                }
              }
            },
            "条件演算子（日時）": {
              "runAfter": {
                "条件演算子（選択肢）": [
                  "Succeeded"
                ]
              },
              "metadata": {
                "operationMetadataId": "d114ab27-966f-4085-b179-276780bb6199"
              },
              "type": "OpenApiConnection",
              "inputs": {
                "host": {
                  "connectionName": "shared_commondataserviceforapps_1",
                  "operationId": "ListRecords",
                  "apiId": "/providers/Microsoft.PowerApps/apis/shared_commondataserviceforapps"
                },
                "parameters": {
                  "entityName": "ya_members",
                  "fetchXml": "<fetch top=\"10\">\n  <entity name=\"ya_member\">\n    <attribute name=\"ya_column01\" />\n    <attribute name=\"createdon\" />\n    <attribute name=\"ya_e\" />\n    <filter type=\"or\">\n      <!--\n      <condition attribute=\"createdon\" operator=\"between\">\n        <value>2024-11-13T08:00:00+09:00</value>\n        <value>2024-11-13T23:00:00Z</value>\n      </condition>\n      \n      <condition attribute=\"createdon\" operator=\"eq\" value=\"2024-11-13T17:44:55+09:00\" />\n      \n      <condition attribute=\"createdon\" operator=\"gt\" value=\"2024-11-15T10:47:00+09:00\" />\n      \n      <condition attribute=\"createdon\" operator=\"ge\" value=\"2024-11-15T01:47:00Z\" />\n      \n      会計期間および会計年度内\n      <condition attribute=\"createdon\" operator=\"in-fiscal-period-and-year\">\n        <value>4</value>\n        <value>2024</value>\n      </condition>\n      \n      次の会計期間内\n      <condition attribute=\"createdon\" operator=\"in-fiscal-period\" value=\"4\" />\n      \n      次の会計年度内\n      <condition attribute=\"createdon\" operator=\"in-fiscal-year\" value=\"2024\" />\n      \n      会計期間以降および会計年度以降\n      <condition attribute=\"createdon\" operator=\"in-or-after-fiscal-period-and-year\">\n        <value>4</value>\n        <value>2024</value>\n      </condition>\n      \n      会計期間以前および会計年度以前\n      <condition attribute=\"createdon\" operator=\"in-or-before-fiscal-period-and-year\">\n        <value>4</value>\n        <value>2024</value>\n      </condition>\n      \n      前会計期間\n      <condition attribute=\"createdon\" operator=\"last-fiscal-period\" />\n      \n      前会計年度\n      <condition attribute=\"createdon\" operator=\"last-fiscal-year\" />\n      \n      先月\n      <condition attribute=\"createdon\" operator=\"last-month\" />\n      \n      過去7日間\n      <condition attribute=\"createdon\" operator=\"last-seven-days\" />\n      \n      先週\n      <condition attribute=\"createdon\" operator=\"last-week\" />\n      \n      過去X日間\n      <condition attribute=\"createdon\" operator=\"last-x-days\" value=\"60\"/>\n      \n      過去X回の会計期間\n      <condition attribute=\"createdon\" operator=\"last-x-fiscal-periods\" value=\"4\" />\n      \n      過去X年の会計年度\n      <condition attribute=\"createdon\" operator=\"last-x-fiscal-years\" value=\"2\" />\n      \n      過去X時間\n      <condition attribute=\"createdon\" operator=\"last-x-hours\" value=\"720\" />\n      \n      過去Xか月間\n      <condition attribute=\"createdon\" operator=\"last-x-months\" value=\"3\" />\n      \n      過去X週間\n      <condition attribute=\"createdon\" operator=\"last-x-weeks\" value=\"10\" />\n      \n      過去X年間\n      <condition attribute=\"createdon\" operator=\"last-x-years\" value=\"2\" />\n      \n      過去1年\n      <condition attribute=\"createdon\" operator=\"last-year\" />\n      \n      <condition attribute=\"createdon\" operator=\"le\" value=\"2024-11-13T23:00:00Z\" />\n      \n      <condition attribute=\"createdon\" operator=\"lt\" value=\"2024-11-14T08:00:00+09:00\" />\n\n      次の会計期間\n      <condition attribute=\"createdon\" operator=\"next-fiscal-period\" />\n      \n      次の会計年度\n      <condition attribute=\"createdon\" operator=\"next-fiscal-year\" />\n      \n      来月\n      <condition attribute=\"createdon\" operator=\"next-month\" />\n      \n      今後7日間\n      <condition attribute=\"createdon\" operator=\"next-seven-days\" />\n      \n      来週\n      <condition attribute=\"createdon\" operator=\"next-week\" />\n      \n      今後X日間\n      <condition attribute=\"createdon\" operator=\"next-x-days\" value=\"365\" />\n      \n      今後X回の会計期間\n      <condition attribute=\"createdon\" operator=\"next-x-fiscal-periods\" value=\"4\" />\n      -->\n      <condition attribute=\"createdon\" operator=\"last-year\" />\n    </filter>\n  </entity>\n</fetch>"
                },
                "authentication": {
                  "type": "Raw",
                  "value": "@json(decodeBase64(triggerOutputs().headers['X-MS-APIM-Tokens']))['$ConnectionKey']"
                }
              }
            }
          },
          "runAfter": {
            "条件": [
              "Succeeded"
            ]
          },
          "metadata": {
            "operationMetadataId": "5674ef26-acea-42e1-9b09-2bdd21b3ed95"
          },
          "type": "Scope"
        }
      }
    },
    "templateName": ""
  },
  "schemaVersion": "1.0.0.0"
}